tweet_id,retweet,retweet_count,text,source,screen_name,name,location,description,followers,following,created_at,created_at_seconds,hashtag1,hashtag2,url1,url2,mention1,mention2,lat,lon
252536777284415488,252536320654716928,3,RT @DJPROSTYLE: Headed to the #BarclaysCenter Brooklyn! Catch me rocking at #The4040Club before the concert! üòé,"<a href=""http://twitter.com/download/iphone"" rel=""nofollow"">Twitter for iPhone</a>",gigilove8,gigi love,"Brooklyn, NY",the coolest female in the world. ,244,548,Fri Jun 15 15:57:39 +0000 2012,1349058834.0,BarclaysCenter,The4040Club,,,DJPROSTYLE,,,
252536793944182784,252536115221889024,10,"RT @Miss_Sadee: Brooklyn, Queens, The Bronx, Long Island &amp; Manhattan &gt;&gt;&gt;&gt;&gt;&gt;&gt;","<a href=""http://mobile.twitter.com"" rel=""nofollow"">Mobile Web</a>",OG_Lucky_, YB's ,coolin,#Harlemworld | dOpe | follow me on IG: ty_doingit |  mention me for a fb.,451,404,Fri Nov 18 21:51:30 +0000 2011,1349058838.0,,,,,Miss_Sadee,,,
252536803855331328,,0,I miss Brooklyn üòî,"<a href=""http://twitter.com/download/iphone"" rel=""nofollow"">Twitter for iPhone</a>",Mizz_DeigeXoXo,Skinny Pretty Paid ,Atlanta Ga,FOLLOW ME ‚úå #TeamIphone #TeamSagittarius‚ôê #FVSU16 #Reckless #Instagram = mizz_deige ,750,575,Tue May 18 23:52:41 +0000 2010,1349058840.0,,,,,,,,
252536820938727424,,0,"Hi, kindly download ma homeboy's new song. @RojoFoxx http://t.co/uPnA05Ga Repping Brooklyn! Ya heard. Pls RT",web,DestinyOdeh,Destiny Odeh,International,CEO & Creative Director of Destiny Odeh - DO Shoes & Clothing. Entrepreneur. Fashion Designer. Writer. Poet. Geek. Multi-talented! PIN:280BAAA9 #DoYourStyle!‚Ñ¢,45961,33386,Sun Jan 09 12:37:25 +0000 2011,1349058844.0,,,http://t.co/uPnA05Ga,,RojoFoxx,,,
252536831680327681,,0,Blue Bloods is filming at Broadway Stages in Brooklyn on mon #bluebloods http://t.co/dG4JHrmP,web,b4thetrailer,b4thetrailer,,Our goal is to provide filming information to movie fans,3741,69,Tue Jul 21 20:18:26 +0000 2009,1349058847.0,bluebloods,,http://t.co/dG4JHrmP,,,,,
252536834276597761,,0,is off to Brooklyn to see jay z,"<a href=""http://twitter.com/devices"" rel=""nofollow"">txt</a>",rvhoss,Reggie,NYC,living vicariously through others,142,173,Fri Jul 18 18:35:19 +0000 2008,1349058847.0,,,,,,,,
252536865217994752,,0,"27-Year-Old Man Shot and Killed in Brooklyn: A 27-year-old man was shot and killed in Brooklyn early Sunday morning, police said.Phot...","<a href=""http://twitterfeed.com"" rel=""nofollow"">twitterfeed</a>",KwangHoDam,Kwang Ho	Dam,,show must go on,69,25,Fri Aug 10 00:53:12 +0000 2012,1349058855.0,,,,,,,,
252536885933662208,252519779049549824,1,RT @BlackInformant: Jay-Z Comes Home to Open an Arena in Brooklyn - NYTimes http://t.co/QCv5h8dM,"<a href=""http://tapbots.com/tweetbot"" rel=""nofollow"">Tweetbot for iOS</a>",desultorysub,DesultorySublimation,,Artist+Designer+Vinyl Collector+Choice Selector+Accidental Mastermind.,162,788,Thu Feb 03 20:56:00 +0000 2011,1349058860.0,,,http://t.co/QCv5h8dM,,BlackInformant,,,
252536892262854656,,0,Romney‚Äôs Remarks on Palestine Stir Contrasting Reactions in Brooklyn. By @niqueiubel. http://t.co/OvFeKUz7 #SD17 #Israel #Palestine,"<a href=""http://twitter.com/tweetbutton"" rel=""nofollow"">Tweet Button</a>",BKCampaign,Brooklyn Campaign,New York,"A website covering State Senate races in #SD17 and #SD22, and national politics, by students @ColumbiaJourn. Contact us at thebrooklyncampaign@gmail.com.",32,62,Thu Sep 06 15:07:05 +0000 2012,1349058861.0,SD17,Israel,http://t.co/OvFeKUz7,,niqueiubel,,,
252536892229300225,252532154129592320,0,RT @Dreams_Of_Fame: We should take a walk someday. Dream about we coulda been.But i dont wanna leave this place. No Faith In Brooklyn,"<a href=""http://www.tweetdeck.com"" rel=""nofollow"">TweetDeck</a>",m_jones73,Morgan Jones,,"just because something isn't happening for you right now, doesn't mean it will never happen.",172,188,Sun Oct 23 22:47:31 +0000 2011,1349058861.0,,,,,Dreams_Of_Fame,,,
252536911003000832,252451205706555393,197,RT @ICONspikeymike: 3rd ave festival in brooklyn come down:)) http://t.co/EWrZdsjC,web,BabaElisa,ivŒ±nnŒ± —î‚ÑìisŒ± fuscœÉ‚ô• ,"Englishtown,NJ ‚ô•","Bitch please,Gustavo Vazquez , Madison Pettis and Math Hunter , Spikey Mikey,Madison Alamia,Vinny Catronovo and Nick Carter followed me ‚ô•",218,206,Wed Apr 18 01:05:04 +0000 2012,1349058866.0,,,http://t.co/EWrZdsjC,,ICONspikeymike,,,
252536918422720513,,0,#Queens #Philly #Brooklyn http://t.co/UsGhMP6F,"<a href=""http://instagr.am"" rel=""nofollow"">Instagram</a>",DINOshellZ,Darryl Shelton Jr.,West Philly.,,10,15,Tue Sep 07 01:27:25 +0000 2010,1349058867.0,Queens,Philly,http://t.co/UsGhMP6F,,,,,
252536920930930688,,0,Uncle Hov concert tonight w/ the twin @nothingbutnat !! #Brooklyn #Barclays üôå,"<a href=""http://www.echofon.com/"" rel=""nofollow"">Echofon</a>",xoxoSHAR,Shard√©,New York City/Detroit-ish,"God fearing | Entertainment reporter | future TV host | 1/2 of itsonlyentertainment.net | HB correspondent | Journalist | Creole gyal | let's connect! 
",1152,496,Mon Apr 27 04:21:17 +0000 2009,1349058868.0,Brooklyn,Barclays,,,nothingbutnat,,,
252536929059491842,,0,The Cugina @michellekellyxo #verde #Brooklyn  http://t.co/8Kpaej5b,"<a href=""http://instagr.am"" rel=""nofollow"">Instagram</a>",mikeyy_E,Mikey Espo ,,Vivo La Vita Bella,298,313,Sat Oct 08 01:37:18 +0000 2011,1349058870.0,verde,Brooklyn,http://t.co/8Kpaej5b,,michellekellyxo,,,
252536926421254144,,0,"#BarclaysCenter (Brooklyn, NY). http://t.co/VF50IUqk","<a href=""http://twitter.com/download/android"" rel=""nofollow"">Twitter for Android</a>",EmmanuelLeander,A-Pex Differance,"Harlem, NY","‚Ä¢Birthday: 9/8/88 (Brooklyn, NY)‚Ä¢Height: 6'4'' ‚Ä¢Background: Jamaican & Guyanise ‚Ä¢Interests: Arts, Computers, & Ideas",62,530,Sat Jun 18 18:54:36 +0000 2011,1349058871.0,BarclaysCenter,,,,,,,
252536946637815808,252037400732266497,3,"RT @FoodiePleasure: Enjoy #pizza and live in Williamsburg, #Brooklyn? Make sure to stop by @WburgPizza! We spoke with the ""Pizza Wife"" h ...","<a href=""http://blackberry.com/twitter"" rel=""nofollow"">Twitter for BlackBerry¬Æ</a>",EvyGonzales,Evy Gonzales,"Brooklyn, NY",,123,326,Tue Apr 14 03:40:52 +0000 2009,1349058874.0,pizza,Brooklyn,,,FoodiePleasure,WburgPizza,,
252536962580365313,,0,"hey team, I'm performing at Union Hall in Brooklyn tonight at 8, come by, it's gonna be a good show",web,JenaFriedman,Jena Friedman,New York,"stand up comic, letterman expat ",5670,101,Tue Mar 17 22:39:39 +0000 2009,1349058878.0,,,,,,,,
252536966778851328,252536115221889024,11,"RT @Miss_Sadee: Brooklyn, Queens, The Bronx, Long Island &amp; Manhattan &gt;&gt;&gt;&gt;&gt;&gt;&gt;","<a href=""http://twitter.com/download/iphone"" rel=""nofollow"">Twitter for iPhone</a>",AirBorn_Alexus,Im Typing ......‚ù§,"NYC, &' Florida",Four Letter Word /#1 FootBall Player @GrewUp_Fast‚ù§ ‚ù§ ‚ù§ ‚ù§ „ÉÑ #PSOE #ModelMaterial OFWGK‚Ä†ŒîDGŒîF,240,203,Fri Apr 06 16:03:55 +0000 2012,1349058879.0,,,,,Miss_Sadee,,,
252536974336983040,252536063833292800,1,RT @feelingtired_: El puente de Brooklyn.,"<a href=""http://mobile.twitter.com"" rel=""nofollow"">Mobile Web</a>",MissMiauMiau,River Flows in You,Madriz.,El caf√© de la madrugada.,305,164,Thu Nov 17 13:43:38 +0000 2011,1349058881.0,,,,,feelingtired_,,,
252536975209398273,252532154129592320,1,RT @Dreams_Of_Fame: We should take a walk someday. Dream about we coulda been.But i dont wanna leave this place. No Faith In Brooklyn,"<a href=""http://twitter.com/download/android"" rel=""nofollow"">Twitter for Android</a>",hipstercatz,‚Ä†Miranda‚Ä†,on tumblr!,Miranda Moriah. 17. Ohio. #Taken‚ô• #PowerRangerSquad. #TSOD. #Scorpio 11.16.1994!,122,121,Tue Jan 27 20:11:16 +0000 2009,1349058881.0,,,,,Dreams_Of_Fame,,,
252537021938155520,252528504384671744,0,RT @BAMBAMBPT: Some guy in Brooklyn got slashed in his chest over an IPhone5. You never hear about people getting slashed over GSIII's.,"<a href=""http://twitter.com/download/iphone"" rel=""nofollow"">Twitter for iPhone</a>",boricua06606,George G.,"Lumberton, NJ","boricua06606 is my gamertag for XBL, and PSN. So hit the boy up if you be gaming. LOL. Born #Yankees, #UConn, & #Patriots fan.",45,110,Mon Dec 26 14:24:08 +0000 2011,1349058892.0,,,,,BAMBAMBPT,,,
252537025557835776,252536831680327681,0,RT @b4thetrailer: Blue Bloods is filming at Broadway Stages in Brooklyn on mon #bluebloods http://t.co/dG4JHrmP,web,MARIA_MARTA,MARIA MARTA,ARGENTINA,D-DUB GIRL!!! I LOVE NKOTB SINCE 1988,750,1123,Thu Apr 09 19:32:33 +0000 2009,1349058893.0,bluebloods,,http://t.co/dG4JHrmP,,b4thetrailer,,,
252537027734675456,,0,"TONIGHT! Royal Family Night in BKLYN ""The Planet""!
Alan Evans Trio + Shmeeans &amp; The Expanded Consciousness at Brooklyn Bowl 9/30!","<a href=""http://www.hootsuite.com"" rel=""nofollow"">HootSuite</a>",nealmusic,Neal Evans,"Brooklyn, NY",,1675,67,Fri Mar 13 01:58:58 +0000 2009,1349058893.0,,,,,,,,
252537060605440001,252536851452289024,0,@themalikthrust but she has two shows in Brooklyn at the Barclays Center. :p,"<a href=""http://twitter.com/download/iphone"" rel=""nofollow"">Twitter for iPhone</a>",HausOfDJMalik,zaynmalik1D | Gaga,1/5 | Canada.,"Just your unaverage 16 year old boy who's in love with Lady Gaga and One Direction. Kylie, Rita, Marina & Lana are my babes. Zayn followed on 16/07/12.",12343,1488,Mon Feb 07 01:27:14 +0000 2011,1349058901.0,,,,,themalikthrust,,,
252537069442834432,,0,"#BarclaysCenter (Brooklyn, NY). http://t.co/wWJc1oer","<a href=""http://twitter.com/download/android"" rel=""nofollow"">Twitter for Android</a>",EmmanuelLeander,A-Pex Differance,"Harlem, NY","‚Ä¢Birthday: 9/8/88 (Brooklyn, NY)‚Ä¢Height: 6'4'' ‚Ä¢Background: Jamaican & Guyanise ‚Ä¢Interests: Arts, Computers, & Ideas",62,530,Sat Jun 18 18:54:36 +0000 2011,1349058904.0,BarclaysCenter,,,,,,,
252537074077532161,,0,"El famoso Puente de Brooklyn fue inaugurado por el presidente de los USA, Chester Alan Arthur, en mayo de 1883.","<a href=""http://www.hootsuite.com"" rel=""nofollow"">HootSuite</a>",TheVipCaracas,Hotel The Vip,"√úT: 10.499678,-66.850206",La elegancia y la simplicidad se entrelazan para generar una belleza arm√≥nica y moderna en uno de los edificios m√°s fascinantes de la ciudad,2406,453,Tue Jul 13 20:14:46 +0000 2010,1349058905.0,,,,,,,,
252537084189999104,,0,all I want for Christmas is to be at the nets vs celtics game in brooklyn with @maseinyoooface,web,HOOLIGANStribe,zachary ◊ó◊ï◊ú◊ô◊í◊†◊ô◊ù ◊©◊ë◊ò,ohio,God & Family // THE HOOLIGANS TRIBE //,303,161,Wed Apr 15 00:36:07 +0000 2009,1349058907.0,,,,,maseinyoooface,,,
252537093849501697,,0,Somewhere in Brooklyn,"<a href=""http://twitter.com/download/iphone"" rel=""nofollow"">Twitter for iPhone</a>",Sosa_Carlos15,"Sosa, Carlos ",VENEZUELA - ARAGUA,"FUCK YOU PUTO , Intento de Tenista #Sofiever‚ô•, Joder√©, MAMARACHO, TETASLIEBER... ACM1PT",295,373,Sun Aug 23 00:04:14 +0000 2009,1349058909.0,,,,,,,,
252537128024682496,,0,"BossChicks October Giveaway: 2 tix to see Jay-Z at Barclays Center in Brooklyn, NY..enter NOW! http://t.co/epNplFuf http://t.co/R4lNjN1r","<a href=""http://www.tweetcaster.com"" rel=""nofollow"">TweetCaster for Android</a>",BossChickQuotes,BossChicks.com,,Daily Motivational Quotes. Also follow our @BossChicks  page and visit BossChicks.com TODAY!,51775,4320,Thu Jun 30 16:08:26 +0000 2011,1349058917.0,,,http://t.co/epNplFuf,http://t.co/R4lNjN1r,,,,
252537136430067714,,0,Gotta say Ima miss this girl right hea! @BrinaTheModel I wish ya the best of the best in #Brooklyn ! [Last n http://t.co/9QWdgceH,"<a href=""http://instagr.am"" rel=""nofollow"">Instagram</a>",PAMgoinHAM,November 12th ‚ôè,843(29445.],#Scorpio [11.12] ‚ôè #TTC #IDGAF #SCBornAndRaised #GCHSAlumni #FutureLawyer #NotAvailable ‚ôã #TeamHonda Ïú† ÏõÉ,495,255,Sun May 24 02:52:10 +0000 2009,1349058919.0,Brooklyn,,http://t.co/9QWdgceH,,BrinaTheModel,,,
252537143887544320,252536115221889024,0,@Miss_Sadee I like how you put Brooklyn FIRST üëç,"<a href=""http://mobile.twitter.com"" rel=""nofollow"">Mobile Web</a>",racked_uppp,Avv,staying true to my religion.,"# brooklyn, anything after that speaks for itself .",216,215,Fri Oct 14 19:38:24 +0000 2011,1349058921.0,,,,,Miss_Sadee,,,
252537146538332160,252515806326423552,0,"@JasonBiggs okay so youre in Brooklyn Heights, have fun.","<a href=""http://www.tweetcaster.com"" rel=""nofollow"">TweetCaster for Android</a>",shashasman,Shasha's Man,"Here, I think. ",Official Twitter page of Mr. Shasha (aka property of @BrickShasha). ,276,465,Wed Jan 28 03:30:53 +0000 2009,1349058922.0,,,,,JasonBiggs,,,
252537159364513792,,0,Many of the NBA faithful aren't a fan of the new Brooklyn Nets asthetic...I must say that we like it though http://t.co/gYNyHkSU,"<a href=""http://www.tumblr.com/"" rel=""nofollow"">Tumblr</a>",MasonryAuto,Masonry Autogroup,"Seattle, Washington","We are Seattle's premier provider of OEM+ aftermarket automotive accessories. We specialize in products for luxury, exotic, and domestic applications. ",24,4,Wed Mar 23 03:02:09 +0000 2011,1349058925.0,,,http://t.co/gYNyHkSU,,,,,
252537161738489856,,0,"Looking for a COTA- BROOKLYN/ NYC in New York, NY http://t.co/kQYLgsqS #job","<a href=""http://www.bullhornreach.com/"" rel=""nofollow"">Bullhorn Reach</a>",jasonalanlarson,Jason Larson,"New York, NY","NYC based Healthcare Recruiter, Tweeting my jobs!",77,192,Tue Apr 26 13:23:16 +0000 2011,1349058925.0,job,,http://t.co/kQYLgsqS,,,,,
252537163814686720,,0,Barclays Center Opens in Brooklyn  #NBA,web,NBAinfo_,NBA Info,,Delivering the latest #NBA updates!,12059,38,Fri Sep 14 15:21:27 +0000 2012,1349058926.0,NBA,,,,,,,
252537165647585281,,0,"In an Poorly Conceived Story Spin, #Queens born Spider-Man Relocates to #Brooklyn #SpiderHipstet  http://t.co/IISG3T0w","<a href=""http://www.pulse.me"" rel=""nofollow"">Pulse News</a>",UltraGonz,Gonzalo Casals,"Jackson Heights, New York","Progressive gay man @JacksonHeights,NY: #ArtsAdministrator #CulturalOrganizer #CivicEngager #RadicalCollaborator #MuseumInnovator #UrbanIntelectual.",136,194,Fri Mar 27 15:09:39 +0000 2009,1349058926.0,Queens,Brooklyn,http://t.co/IISG3T0w,,,,,
252537182500294657,252536831680327681,2,RT @b4thetrailer: Blue Bloods is filming at Broadway Stages in Brooklyn on mon #bluebloods http://t.co/dG4JHrmP,"<a href=""http://twitter.com/download/iphone"" rel=""nofollow"">Twitter for iPhone</a>",Erbear1877,Erin Beckett,Rick & Kate's Bed.,I drink lots of water. I use shampoo and sometimes I use conditioner. Who am I? @Stana_Katic.,1411,789,Mon Apr 12 14:19:46 +0000 2010,1349058930.0,bluebloods,,http://t.co/dG4JHrmP,,b4thetrailer,,,
252537191312531456,,0,Brooklyn got her first real  boo boo today smh,"<a href=""http://twitter.com/download/android"" rel=""nofollow"">Twitter for Android</a>",NaturalBeauTyi,Tasty Thai ,with carmen sandiego,SweetestMeanest ..Follow && I Follow Back..!! Brooklyn's Source... livin the #Struggle dont ask 4 shxt! Just Roll Up! ;-p  ,299,512,Wed Mar 25 18:08:14 +0000 2009,1349058932.0,,,,,,,,
252537194122706944,252537128024682496,1,"RT @BossChickQuotes: BossChicks October Giveaway: 2 tix to see Jay-Z at Barclays Center in Brooklyn, NY..enter NOW! http://t.co/epNplFuf ...","<a href=""http://twitter.com/download/iphone"" rel=""nofollow"">Twitter for iPhone</a>",Morefiregal,MoreFireGal,,,1126,2001,Sun Jun 24 17:19:32 +0000 2012,1349058933.0,,,http://t.co/epNplFuf,,BossChickQuotes,,,
252537198128275456,,0,I have no school on november 12..thats when jb is in brooklyn..ITS FATE. #stubhubwhereyouat,"<a href=""http://twitter.com/devices"" rel=""nofollow"">txt</a>",JUBEliebs,‚Ä†believe‚Ä† ,,~love is louder than the pressure to be perfect~ ,995,1454,Sat Aug 28 14:20:07 +0000 2010,1349058934.0,stubhubwhereyouat,,,,,,,
252537198992314368,,0,the new Brooklyn Nets jerseys kinda look like the spurs jerseys...?,web,Joemartinez0,Joe Martinez,,"#PSHS. #teamtaken by @stephpetzke :)))
15 years old,follow and ill follow back :)",51,44,Wed Feb 29 04:33:22 +0000 2012,1349058934.0,,,,,,,,
252537200120561664,,0,"I'm at Olive Garden (Brooklyn, NY) http://t.co/XdX3NrJe","<a href=""http://foursquare.com"" rel=""nofollow"">foursquare</a>",chriscourageous,Christopher Olsen,brooklyn ny,I am a N.Y.C. guy who would rather be in the woods camping or cycling down some hilly country road. Im currently fighting cancer with everything i have !  ,18,60,Thu Jan 07 21:27:09 +0000 2010,1349058935.0,,,http://t.co/XdX3NrJe,,,,40.651546,-73.86935945
252537217061359616,,0,Jay-Z Freestyles At Barclays Center Opening In Brooklyn! | http://t.co/Gh0nLvFX,web,ViewHipHopMusic,ViewHipHop.com,worldwide,ViewHipHop.com // Blogger // Unsigned Talent Section,44642,30987,Fri Aug 19 02:49:27 +0000 2011,1349058939.0,,,http://t.co/Gh0nLvFX,,,,,
252537224078450688,,0,Haven't been living in Brooklyn today but in the borough of Freshman composition.,web,BrooklynPoets,BrooklynPoets,"Brooklyn, NY",We go hard.,124,208,Sun Jun 03 04:19:23 +0000 2012,1349058940.0,,,,,,,,
252537225647116289,,0,Watching Vampire in Brooklyn w. my bro üòä,"<a href=""http://www.echofon.com/"" rel=""nofollow"">Echofon</a>",ExquisitelyGold,Bossszinggg ;$,,"Óàø @ImariiShakiraa is my bestfriend , we slay hoes & @Ant_GetEm is my IX.XXII ‚ù§",685,532,Fri Feb 26 21:16:08 +0000 2010,1349058941.0,,,,,,,,
252537229531033600,252536969324806146,0,@brooklyn_oliver @ash_rig @breanashaepitts @kcaillavet @brittpalmer13 it's invented brooklyn... &amp; awe ash we love mean girls;),"<a href=""http://twitter.com/download/iphone"" rel=""nofollow"">Twitter for iPhone</a>",MorganCraig3,Morgan Craig,United Stateeeesss :*,,211,245,Sun Dec 04 20:00:51 +0000 2011,1349058942.0,,,,,brooklyn_oliver,ash_rig,,
252537232743870466,,0,My moms is maddddddd hype for Barclays ....talking bout Brooklyn is better than the city now ..,"<a href=""http://tweetlogix.com"" rel=""nofollow"">Tweetlogix</a>",SweetMocha_JOJO,**~JoJo~**,BROOKLYN!!! NY's Precious Gem,I'm the SWEETEST Mocha but JOJO's what they call me ;-),661,344,Wed Feb 23 05:50:14 +0000 2011,1349058942.0,,,,,,,,
252537240985677825,,0,We here #barclaycenter #jayz #hov #concert #brooklyn #nets  http://t.co/O44mex5o,"<a href=""http://instagr.am"" rel=""nofollow"">Instagram</a>",DeannaDece,deanna dece,,#OFWGKTA #MELLOWHYPE #mostdope,341,300,Fri May 22 13:59:24 +0000 2009,1349058944.0,barclaycenter,jayz,http://t.co/O44mex5o,,,,,
252537245830098944,,0,Riding With Brooklyn's Mom @iMTHE_TRUTH_  !! She Ratchet Thoüòí,"<a href=""http://twitter.com/devices"" rel=""nofollow"">txt</a>",GotEm_NOW,natasha williams‚ô•,Sumwea You NotÓêâ,8teen. GOD Fearing Young Lady. College Student. GramFam16ÓÅêÓå¨,1064,1078,Thu Jul 15 15:24:14 +0000 2010,1349058945.0,,,,,iMTHE_TRUTH_,,,
252537246048202753,,0,#brooklyn #my #favourite #chewing #gums #instagood #instacolage #iphone4 #iphonesia üòÉüì±üëç http://t.co/o2GOvSYJ,"<a href=""http://instagr.am"" rel=""nofollow"">Instagram</a>",dinoucb,Dino Ucb,"Los Angeles, CA - Split, Cro","I'm a photographer, I love music, hanging out and meeting new people so follow me :) www.dinoucb.tumblr.com dinoucb on #instagram",755,477,Sun Aug 30 13:49:53 +0000 2009,1349058946.0,brooklyn,my,http://t.co/o2GOvSYJ,,,,,
252537279879450624,,0,"I'm at X Marks The Spot (Brooklyn, NY) http://t.co/9stc5Gdt","<a href=""http://foursquare.com"" rel=""nofollow"">foursquare</a>",Pro_XavierLPN,Kevon,,"cool people aloud, #Nursing,#goodboi, #virgo  ",150,139,Mon Jun 07 13:30:44 +0000 2010,1349058954.0,,,http://t.co/9stc5Gdt,,,,40.64542053,-73.94186034
252537302834876416,,0,"Brooklyn Mic Club BMC Yung Stash vs Detox R1&amp;2: http://t.co/24Dktx6R 
Yung Stash vs Detox R3: http://t.co/IneIa2ZM via @youtube","<a href=""http://twitter.com/download/android"" rel=""nofollow"">Twitter for Android</a>",FreshSims,Mr. I Get Bitches,NYC,#SkyHigh I'm Good Being Me nd Doing what Da Fucks I Do ‚ÄùInstagram @FreshSims‚Äù #SkyHighMovement #TeamJohnDoe Getting Money Is a Must tweetjamz.com/FreshSims ,797,505,Sun Oct 09 01:11:27 +0000 2011,1349058959.0,,,http://t.co/24Dktx6R,http://t.co/IneIa2ZM,YouTube,,,
252537308673355777,,0,"IPhone 4g 64gb like new (staten island/brooklyn) $500: like new 
AT&amp;T IPHONE 4S 64GB 10 OUT OF 10 NO SCRATCHS ON...  http://t.co/75uAUH2P","<a href=""http://twitterfeed.com"" rel=""nofollow"">twitterfeed</a>",nyphonedetails,phonedetails,new york,buy cheap phone ,384,0,Thu Apr 07 20:48:20 +0000 2011,1349058960.0,,,http://t.co/75uAUH2P,,,,,
252537329573572608,,0,Hello Brooklyn!!!,"<a href=""http://www.apple.com"" rel=""nofollow"">iOS</a>",JPettyIII,"John A. Petty, III",And You Say PHILADELPHIA!,"Business Analyst. Project Manager.
@PlatinumHeat Productions Chief Exec.
http://www.platinumheatproductions.com

IG: jpettyiii",890,695,Tue Jan 13 22:46:12 +0000 2009,1349058965.0,,,,,,,,
252537329959444480,,0,Oh yeah! In Brooklyn if you haven't guessed it yet! http://t.co/R94DFvh9,"<a href=""http://www.apple.com"" rel=""nofollow"">Camera on iOS</a>",Tiberius95,Tiberius Perez,"Brooklyn, NY",I need a soda! XD,18,45,Fri Jul 10 17:42:36 +0000 2009,1349058966.0,,,,,,,,
252537333927251968,,0,"I'm at Cafe Luluc (Brooklyn, NY) http://t.co/E3zyfH2w","<a href=""http://foursquare.com"" rel=""nofollow"">foursquare</a>",BfloDude,Cliff Parks Jr,BFLO NY,"Abides in Buffalo NY. Writes for buffaBLOG.  Runs with liberals, unionists, freaks, and geeks. Supports the Sabres, FC Buffalo, Arsenal, and the Bills.",241,712,Sat Oct 23 23:58:18 +0000 2010,1349058966.0,,,http://t.co/E3zyfH2w,,,,40.684467,-73.992103
252537336234123264,,0,Rogers just got the old rake to the eyes Brooklyn brawler style,"<a href=""http://twitter.com/download/iphone"" rel=""nofollow"">Twitter for iPhone</a>",tsmullins34,Thomas Mullins,"Crown Point,IN","Attorney,lover, Ditka sweater owner",40,203,Wed Sep 15 01:05:50 +0000 2010,1349058967.0,,,,,,,,
252537346694733827,,0,Brooklyn always has some kind of issue. If its not her nose it's her mouth or her leg or foot or ankle or butt or vagina or armpit.,"<a href=""http://twitter.com/download/iphone"" rel=""nofollow"">Twitter for iPhone</a>",BreezyDacheezie,Dashanda ,Maryland,ZC Óå© The name's Christian. Christian Swirve that is. IG: phuckyopichas. And for closure: the bike is indeed blue.,641,514,Fri Jun 05 22:16:19 +0000 2009,1349058970.0,,,,,,,,
252537348611518464,,0,A lot of people are missing in Brooklyn! What's going on?,"<a href=""http://twitter.com/download/android"" rel=""nofollow"">Twitter for Android</a>",stertheamerican,Hipsterlin,New York City,"Hello my name is Sterlin. I am 21 from Brooklyn, I draw, I am a photographer and I write. To me Art is a way I express myself because its an amazing tool",130,124,Thu Aug 27 22:59:51 +0000 2009,1349058970.0,,,,,,,40.67008333,-73.98932547
252537354168983552,,0,Rained out on a ride to downtown Brooklyn. Feels good to get wet.,"<a href=""http://twitter.com/download/iphone"" rel=""nofollow"">Twitter for iPhone</a>",sylvanacarmella,DRUMS‚Ä¢CASH‚Ä¢GUNFIRE,Brooklyn,,8,41,Sun Mar 18 16:17:52 +0000 2012,1349058971.0,,,,,,,,
252537370153455617,,0,Official (Untold Chaptaz) ‚Äì Dreams [Brooklyn Unsigned Hype]@OficialBossKing @KingJuss @Triphliph1  http://t.co/2WafvkEp,"<a href=""http://twitter.com/tweetbutton"" rel=""nofollow"">Tweet Button</a>",KingJuss,I'm Dope Fool,Brooklyn N.Y.,Being me everyday. Man with big visions and going for them everyday.  Of course I am fly. Sort of cocky. Brooklyn born. Email:kingjuss07@aol.com,431,373,Fri Aug 14 15:10:59 +0000 2009,1349058975.0,,,http://t.co/2WafvkEp,,OficialBossKing,KingJuss,,
252537379091533824,,0,Praying for the remix on Wednesday #jayz #memphbleek #brooklyn http://t.co/OY7APAUt,"<a href=""http://instagr.am"" rel=""nofollow"">Instagram</a>",Morgan_Mooney,Morgan Mooney,njnj :),And on Wednesdays we wear pink ,248,407,Mon Sep 14 07:08:59 +0000 2009,1349058977.0,jayz,memphbleek,http://t.co/OY7APAUt,,,,,
252537420292186112,,0,#sundayfunday #brooklyn http://t.co/OgyutkrZ,"<a href=""http://instagr.am"" rel=""nofollow"">Instagram</a>",Morgan_Mooney,Morgan Mooney,njnj :),And on Wednesdays we wear pink ,248,407,Mon Sep 14 07:08:59 +0000 2009,1349058987.0,sundayfunday,brooklyn,http://t.co/OgyutkrZ,,,,,
252537420799696896,252537143887544320,1,RT @racked_uppp: @Miss_Sadee I like how you put Brooklyn FIRST üëç,"<a href=""http://twitter.com/download/iphone"" rel=""nofollow"">Twitter for iPhone</a>",Miss_Sadee,iana :*,"Brooklyn, New York",IG: sadeeiana,848,615,Thu Jul 21 21:42:44 +0000 2011,1349058987.0,,,,,racked_uppp,Miss_Sadee,,
252537421596618752,,0,Brooklyn Bound.....Grr at all this damn traffic,"<a href=""http://bit.ly/fVzRUd"" rel=""nofollow"">TwitPal</a>",msannabanana,Anna ‚ô• Banana,Houstatlantavegas,EST1981|Certified shoe whore|NY Girl|tattoo addict| Jeezy Stan| Trap rap Lover|Big Hair|friend stealer|I'm her0in and sex mixed in 0ne¬ª¬ª i.am.dope.as.fcuk.¬´¬´,692,262,Mon Oct 27 15:03:29 +0000 2008,1349058987.0,,,,,,,,
252537425115627520,,0,SoCal on Lake Michigan. RT @irondavy: You're telling me you don't prefer this Brooklyn? http://t.co/xxIHUIPR http://t.co/xq2IJ2Mh,"<a href=""http://tapbots.com/tweetbot"" rel=""nofollow"">Tweetbot for iOS</a>",burritojustice,burritojustice,"La Lengua, SF",SF is a fractal; we contain multitudes.,48466,1613,Fri Oct 24 05:29:29 +0000 2008,1349058988.0,,,http://t.co/xq2IJ2Mh,,irondavy,,,
252537427611226112,,0,"@JFloria310 New Brooklyn Mic Club BMC Yung Stash vs Detox R1&amp;2: http://t.co/24Dktx6R 
Yung Stash vs Detox R3: http://t.co/IneIa2ZM @youtube","<a href=""http://twitter.com/download/android"" rel=""nofollow"">Twitter for Android</a>",FreshSims,Mr. I Get Bitches,NYC,#SkyHigh I'm Good Being Me nd Doing what Da Fucks I Do ‚ÄùInstagram @FreshSims‚Äù #SkyHighMovement #TeamJohnDoe Getting Money Is a Must tweetjamz.com/FreshSims ,797,505,Sun Oct 09 01:11:27 +0000 2011,1349058989.0,,,http://t.co/24Dktx6R,http://t.co/IneIa2ZM,JFloria310,YouTube,,
252537453804675072,,0,"‚Äú@Miss_Sadee: Brooklyn, Queens, The Bronx, Long Island &amp; Manhattan &gt;&gt;&gt;&gt;&gt;&gt;&gt;‚Äù","<a href=""http://twitter.com/download/iphone"" rel=""nofollow"">Twitter for iPhone</a>",Carmelitaaaas,Naomi Asant√®,newyorkmade/atlantaraised,17yrs CriminalJusticeMajor God1st Noproblems Noholdbacks,1033,198,Mon Sep 05 13:12:03 +0000 2011,1349058995.0,,,,,Miss_Sadee,,,
252537477548634112,,0,Wow. Too mich to do. http://t.co/ckkKhFTc,"<a href=""http://socialmediaintegrator.net"" rel=""nofollow"">SocialMediaIntegrator</a>",WorldWideNews7,World Wide News,"College Park, PA",Janice is an Internet woman who follows the news closely. She Tweets daily to her news feed followers.,0,56,Sun Sep 30 22:26:35 +0000 2012,1349059001.0,,,http://t.co/ckkKhFTc,,,,,
252537486700589056,,0,"@ARSONALDAREBEL Brooklyn Mic Club BMC Yung Stash vs Detox R1&amp;2: http://t.co/24Dktx6R 
Yung Stash vs Detox R3: http://t.co/IneIa2ZM @youtube","<a href=""http://twitter.com/download/android"" rel=""nofollow"">Twitter for Android</a>",FreshSims,Mr. I Get Bitches,NYC,#SkyHigh I'm Good Being Me nd Doing what Da Fucks I Do ‚ÄùInstagram @FreshSims‚Äù #SkyHighMovement #TeamJohnDoe Getting Money Is a Must tweetjamz.com/FreshSims ,797,505,Sun Oct 09 01:11:27 +0000 2011,1349059003.0,,,http://t.co/24Dktx6R,http://t.co/IneIa2ZM,ARSONALDAREBEL,YouTube,,
252537503087730688,,0,Ar brooklyn,"<a href=""http://twitter.com/download/iphone"" rel=""nofollow"">Twitter for iPhone</a>",_Rosemarym,Rose‚ù§,,Instagram; @Rosemarym_,124,114,Tue Sep 06 01:11:48 +0000 2011,1349059007.0,,,,,,,,
252537514194239489,,0,#NowPlaying erica - „ÇØ„É¨„Ç§„Ç∏„Éº„Éï„Ç©„Éº„É´„ÉÄ„Ç¶„É≥ at Brooklyn Bowl http://t.co/KD5AzecO,"<a href=""http://www.apple.com"" rel=""nofollow"">iOS</a>",fukasawa_tw,„Åµ„Åã„Åï„Çè@nh,,"Â¶ª„Å®Â≠ê‰æõ2‰∫∫„Å®„É¢„É´„É¢„ÉÉ„Éà1Âåπ„ÇíÈ§ä„Åà„ÇãÁ®ãÂ∫¶„ÅÆËÉΩÂäõ„ÅÆÊåÅ‰∏ª„ÄÇÂ•Ω„ÇÄÔºöÊù±ÊñπProject(Áâπ„Å´„Ç¢„É¨„É≥„Ç∏Êõ≤„ÄÅÊ≠å„ÅÑÊâã„Åï„Çì)„ÄÅÂè§„ÇÅ„ÅÆÊ¥ãÊ•ΩÂÖ®Ëà¨„ÄÇ

‰∏ª„Å´NowPlaying„Çí„Å§„Å∂„ÇÑ„Åè‰∫∫ÁïúÁÑ°ÂÆ≥„Å™ËÄÖ„Åß„Åô„ÄÇ„Éï„Ç©„É≠„Éº„Çà„Çç„Åó„Åè„ÅäÈ°ò„ÅÑ„Åó„Åæ„Åô„ÄÇË∂£Âë≥„ÅåÂêà„ÅÑ„Åù„ÅÜ„Å™Êñπ„Åù„ÅÜ„Åß„Å™„ÅÑÊñπ„ÇÇÂá∫Êù•„ÇãÈôê„Çä„Éï„Ç©„É≠„ÉºËøî„Åï„Åõ„Å¶È†Ç„Åç„Åæ„Åô„ÄÇ",471,671,Sun Jul 22 02:19:16 +0000 2012,1349059009.0,NowPlaying,,http://t.co/KD5AzecO,,,,,
252537519969804289,252506641768005633,1,RT @KevinWayne_BS: Brooklyn nets #Zens,"<a href=""http://twitter.com/download/iphone"" rel=""nofollow"">Twitter for iPhone</a>",KarlRhymesMag,Karl Swagerfeld ‚ò†,"Champs sur Marne, France",#teamhouna #NWZ,96,66,Fri Sep 11 12:04:03 +0000 2009,1349059011.0,Zens,,,,KevinWayne_BS,,,
252537528425512960,,0,"He publicado 31 fotos en Facebook en el √°lbum ""Fotos Viernes 26 Sept BROOKLYN¬¥S"". http://t.co/zBvrlves","<a href=""http://www.facebook.com/twitter"" rel=""nofollow"">Facebook</a>",BrooklynsClub,Brooklyns,Las Palmas de Gran Canaria,"C/ Isla de Cuba, 19. Cierra los Ojos e imagina un club Donde Te Vas a Sentir √önico. Un club creado para tus sentidos... Brooklyn¬¥S",193,341,Thu Aug 11 15:05:05 +0000 2011,1349059013.0,,,http://t.co/zBvrlves,,,,,
252537533366423552,,0,Eating at Junior's in Brooklyn before the Jay concert with my love @cantknockme mmmmm  @ Junior's Restaurant http://t.co/GleExh1J,"<a href=""http://instagr.am"" rel=""nofollow"">Instagram</a>",LabeLlaJew,Jazlana,STR8 JERSEY No Fist Pump.,"[ inserts cliche catch phrase here about how I'm awesome] 

@FollowLos= My ‚ù§. RU-Newark. Hip-Hop Junkie. $$. 506",922,862,Sat Aug 29 02:03:52 +0000 2009,1349059014.0,,,http://t.co/GleExh1J,,CantKnockMe,,,
252537559496941568,,0,Wish they could move this whole operation to Brooklyn! (@ Spicy Village) http://t.co/I03uGiBn,"<a href=""http://foursquare.com"" rel=""nofollow"">foursquare</a>",TopherBurns,Topher Burns,"New York, NY",Soc media dynamo at @deepfocus | aquarium hobbyist | Be the bee.,403,290,Tue Mar 10 18:12:00 +0000 2009,1349059020.0,,,http://t.co/I03uGiBn,,,,,
252537571819806720,252536995727962112,0,@Real_Liam_Payne it was really good! had lunch with my family and my friend in Brooklyn:) nice sunday! how was your day?,web,nandosformexo,165998,,,55,93,Thu Sep 27 00:05:47 +0000 2012,1349059023.0,,,,,Real_Liam_Payne,,,
252537584952168448,,0,"@Musickidbags Brooklyn Mic Club BMC Yung Stash vs Detox R1&amp;2: http://t.co/24Dktx6R 
Yung Stash vs Detox R3: http://t.co/IneIa2ZM @youtube","<a href=""http://twitter.com/download/android"" rel=""nofollow"">Twitter for Android</a>",FreshSims,Mr. I Get Bitches,NYC,#SkyHigh I'm Good Being Me nd Doing what Da Fucks I Do ‚ÄùInstagram @FreshSims‚Äù #SkyHighMovement #TeamJohnDoe Getting Money Is a Must tweetjamz.com/FreshSims ,797,505,Sun Oct 09 01:11:27 +0000 2011,1349059026.0,,,http://t.co/24Dktx6R,http://t.co/IneIa2ZM,Musickidbags,YouTube,,
252537599204401154,,0,Yeah we cute @lauutheresa #sister #famiglia #brooklyn  http://t.co/O2dMpsP0,"<a href=""http://instagr.am"" rel=""nofollow"">Instagram</a>",mikeyy_E,Mikey Espo ,,Vivo La Vita Bella,298,313,Sat Oct 08 01:37:18 +0000 2011,1349059030.0,sister,famiglia,http://t.co/O2dMpsP0,,,,,
252537626689679361,252530539754582016,0,@TNS_Tracey how do you get the picture of Brooklyn?,"<a href=""http://twitter.com/download/iphone"" rel=""nofollow"">Twitter for iPhone</a>",pearl1733,Abi,,Hi my name is Abi I'm 9 favourite artist brooklyn and katy perrry :D,3,33,Fri Aug 10 13:11:08 +0000 2012,1349059036.0,,,,,TNS_Tracey,,,
252537642292506624,,0,Somewhere in Brooklyn - Bruno Mars,"<a href=""http://blackberry.com/twitter"" rel=""nofollow"">Twitter for BlackBerry¬Æ</a>",paulaLamiel,Paula CG,Barcelona,"Always, move like monkey. ",62,144,Mon Jun 25 20:52:02 +0000 2012,1349059040.0,,,,,,,,
252537668645302273,,0,"In Brooklyn Today: Atlantic Antic, DUMBO Art Festival, Barclays Open: In Brooklyn Today: Atlantic Antic, DUMBO A... http://t.co/yJoDeSke","<a href=""http://twitterfeed.com"" rel=""nofollow"">twitterfeed</a>",artlarking,Artlarking,"San Francisco, CA",Connecting Creatives in the SF Bay Area and New York.  Art- Music- Dance- Film- Writing- Food- Design.,219,94,Wed May 12 00:45:33 +0000 2010,1349059046.0,,,http://t.co/yJoDeSke,,,,,
252537672004927488,,0,Wish I was going to that jay-z concert like all my other Brooklyn friends #lametweet,"<a href=""http://twitter.com/download/iphone"" rel=""nofollow"">Twitter for iPhone</a>",SelenaBailey_,Selena Bailey,BROOKLYNNN,Blasian‚úå instagram: @heyselena_ ,94,47,Thu Feb 09 03:19:32 +0000 2012,1349059047.0,lametweet,,,,,,,
252537676752896000,,0,3D Brooklyn   @ Dumbo Art Festival http://t.co/vUxry2LS,"<a href=""http://instagr.am"" rel=""nofollow"">Instagram</a>",floodtheshore,Jocelyn Wu,,we were gifted with thought,58,115,Mon Jan 26 05:27:58 +0000 2009,1349059048.0,,,http://t.co/vUxry2LS,,,,,
252537677776293890,252536115221889024,12,"RT @Miss_Sadee: Brooklyn, Queens, The Bronx, Long Island &amp; Manhattan &gt;&gt;&gt;&gt;&gt;&gt;&gt;","<a href=""http://mobile.twitter.com"" rel=""nofollow"">Mobile Web</a>",AmyStephanie_,Amy ‚ô•,NY ‚úà GA,Taken ‚ô• : @Sir__Spacely . 14 . Mixed .‚ò∫  New York made ‚úå . Soccer is my life ‚öΩ . { IG } : _Cherryvodka . | roll it up ; take a hit ; let your mind go blank ~ ,268,184,Sat Feb 04 21:47:38 +0000 2012,1349059048.0,,,,,Miss_Sadee,,,
252537689126096896,252535947638472705,0,"@ThomasGirv Brooklyn, Bronx, Queens, Staten, Manhatton...U shud return to NYC, I intend on visiting soon #hoodrich #ghettogospel","<a href=""http://twitter.com/download/iphone"" rel=""nofollow"">Twitter for iPhone</a>",Sean13Michael,SeanMichael McDowell,"Belfast, Northern Ireland",Sometimes I say useful things! Go follow the best Team around @MMAELITEBRAND @EliteProSeries #TeamMMAELITE,294,1508,Wed Apr 07 13:16:06 +0000 2010,1349059051.0,hoodrich,ghettogospel,,,ThomasGirv,,,
252537731182391296,,0,Brooklyn's motorcycle heritage is rooted in performance bikes. #martindixon http://t.co/nFgL7hlI,"<a href=""http://instagr.am"" rel=""nofollow"">Instagram</a>",dethkillers,dethkillers,"Bushwick, Brooklyn, NY, U.S.A.","Urban riding tips from Founder & Designer, Deth Killers of Bushwick Brooklyn, New York, U.S.A. Dirty biker style on performance motorcycles since 2002",676,1278,Tue Sep 22 14:36:55 +0000 2009,1349059061.0,martindixon,,http://t.co/nFgL7hlI,,,,,
252537731891224576,,0,"@LegendaryBec New Brooklyn Mic Club Yung Stash vs Detox R1&amp;2: http://t.co/24Dktx6R 
Yung Stash vs Detox R3: http://t.co/IneIa2ZM @youtube","<a href=""http://twitter.com/download/android"" rel=""nofollow"">Twitter for Android</a>",FreshSims,Mr. I Get Bitches,NYC,#SkyHigh I'm Good Being Me nd Doing what Da Fucks I Do ‚ÄùInstagram @FreshSims‚Äù #SkyHighMovement #TeamJohnDoe Getting Money Is a Must tweetjamz.com/FreshSims ,797,505,Sun Oct 09 01:11:27 +0000 2011,1349059061.0,,,http://t.co/24Dktx6R,http://t.co/IneIa2ZM,LegendaryBec,YouTube,,
252537733262753794,,0,"I'm at Brooklyn Heights (Brooklyn, NY) w/ 2 others http://t.co/B43Lv4MI","<a href=""http://foursquare.com"" rel=""nofollow"">foursquare</a>",ibofemi,ƒ∞brahim G√ñKER,Washington/Seattle ,Bu twitter hesabƒ±nda ki ki≈üi ve kurumlar tamamen hayal √ºr√ºn√ºd√ºr.Ger√ßek ki≈üi ve kurumlarla hi√ßbir ilgisi yoktur. ,122,101,Thu Apr 21 18:07:27 +0000 2011,1349059062.0,,,http://t.co/B43Lv4MI,,,,40.69480989,-73.99426103
252537733132742657,252537062115377153,0,"@fraudstyles Brooklyn pizza is awesome, so.","<a href=""http://twitter.com/download/android"" rel=""nofollow"">Twitter for Android</a>",arixjoanxgrande,His Redhead.‚Ñ¢ ,913,"they got nothing on you, baby. ",954,621,Mon Feb 28 01:35:27 +0000 2011,1349059062.0,,,,,fraudstyles,,,
252537736660140033,,0,I wish I could move back to brooklyn,"<a href=""http://twitter.com/download/iphone"" rel=""nofollow"">Twitter for iPhone</a>",jessicaaamoran,jessica moran ,,,151,165,Sun Aug 28 18:29:08 +0000 2011,1349059063.0,,,,,,,,
252537743375224832,,0,Bridge to Eden ~ Brooklyn Botanical Gardens http://t.co/0Iifv5NN,"<a href=""http://pinterest.com"" rel=""nofollow"">Pinterest</a>",IAmTheSassee1,Sandra Kaye Morton,,,280,1079,Fri Jun 10 04:40:33 +0000 2011,1349059064.0,,,http://t.co/0Iifv5NN,,,,,
252537757858160641,252537346694733827,1,RT @BreezyDacheezie: Brooklyn always has some kind of issue. If its not her nose it's her mouth or her leg or foot or ankle or butt or v ...,"<a href=""http://twitter.com/download/iphone"" rel=""nofollow"">Twitter for iPhone</a>",ImBrookieCookie,BŒìŒòŒòŒö Œ§ŒóŒî CŒìŒòŒòŒö,Beach House in Idaho,"D[M]V #Cancer ‚ôã My name is Brooklyn, like the city but BETTER. Keeping it surreal ‚úå‚ù§ IG: bklynjay",819,550,Wed May 20 23:09:07 +0000 2009,1349059068.0,,,,,BreezyDacheezie,,,
252537781639847936,252537128024682496,1,"RT @BossChickQuotes: BossChicks October Giveaway: 2 tix to see Jay-Z at Barclays Center in Brooklyn, NY..enter NOW! http://t.co/epNplFuf ...","<a href=""http://blackberry.com/twitter"" rel=""nofollow"">Twitter for BlackBerry¬Æ</a>",xxxlsonofvenus,Mason Carter,Wherever Love is,G¬£NIU$!.Ambition is necessary.Made men aint supposed to make statements!!!end of the story I follow the code.,42,135,Mon Aug 20 23:12:29 +0000 2012,1349059073.0,,,http://t.co/epNplFuf,,BossChickQuotes,,,
252537792092045312,,0,In Brooklyn,"<a href=""http://twitter.com/download/iphone"" rel=""nofollow"">Twitter for iPhone</a>",TeeRobinson_,Tƒíƒí MI≈Å≈ÅI√ä,Canada,Me before anyone else fuck the rest ,160,158,Tue Mar 01 23:07:25 +0000 2011,1349059076.0,,,,,,,,
252537806096846848,252537731891224576,0,"RT @FreshSims: @LegendaryBec New Brooklyn Mic Club Yung Stash vs Detox R1&amp;2: http://t.co/24Dktx6R 
Yung Stash vs Detox R3: http://t. ...","<a href=""http://twitter.com/download/iphone"" rel=""nofollow"">Twitter for iPhone</a>",LegendaryBec,Bec Al Mana,Location - Ima VagaBond, Worlds Grestest Human On Earth,3324,658,Sat Apr 25 02:38:52 +0000 2009,1349059079.0,,,http://t.co/24Dktx6R,,FreshSims,LegendaryBec,,
252537812505739266,,0,"#ElMust de esta semana para @Web1FM es Ambassadors de Brooklyn, New York by @c00luis &gt; http://t.co/Y5194hbr.","<a href=""http://www.tweetdeck.com"" rel=""nofollow"">TweetDeck</a>",Web1FM,Nikk1FM [.com],Maracay,Noticias musicales de nueva generaci√≥n y eventos recomendados para olvidar tu generaci√≥n. [Nikk1FM.com] La m√∫sica del futuro.,2188,2405,Wed Aug 04 02:37:58 +0000 2010,1349059081.0,ElMust,,http://t.co/Y5194hbr,,Web1FM,c00luis,,
252537821791911936,,0,"I'm at Black Sheep Pub (Brooklyn, NY) http://t.co/oAwIeGub","<a href=""http://foursquare.com"" rel=""nofollow"">foursquare</a>",MobileLaureate,Laurence Gega,"Queens, NY",Writer/Associate Creative Director. Queens native. Real Albanian-American hero.,118,144,Thu Feb 05 22:48:07 +0000 2009,1349059083.0,,,http://t.co/oAwIeGub,,,,,
252537822404296704,252521225652412416,4,"RT @olimassociates: PRT - Please look at each of these photo albums. All dogs are all urgent at NYC ACC in NYC, Brooklyn &amp; Staten Is ...","<a href=""http://twitter.com/download/android"" rel=""nofollow"">Twitter for Android</a>",Deidramayfair,Comatose,,Not oblivious...a laughing cynic open to humors and delight ,362,677,Tue Mar 31 00:57:50 +0000 2009,1349059083.0,,,,,olimassociates,,,
252537824983781376,,0,"@Tjuan New Brooklyn Mic Club BMC Yung Stash vs Detox R1&amp;2: http://t.co/24Dktx6R 
Yung Stash vs Detox R3: http://t.co/IneIa2ZM via @youtube","<a href=""http://twitter.com/download/android"" rel=""nofollow"">Twitter for Android</a>",FreshSims,Mr. I Get Bitches,NYC,#SkyHigh I'm Good Being Me nd Doing what Da Fucks I Do ‚ÄùInstagram @FreshSims‚Äù #SkyHighMovement #TeamJohnDoe Getting Money Is a Must tweetjamz.com/FreshSims ,797,505,Sun Oct 09 01:11:27 +0000 2011,1349059084.0,,,http://t.co/24Dktx6R,http://t.co/IneIa2ZM,Tjuan,YouTube,,
252537841798750208,,0,What the Frack ad seen in Brooklyn. http://t.co/Eh7L1MBA,"<a href=""http://www.apple.com"" rel=""nofollow"">Photos on iOS</a>",misfist,misfist,,"#Occupying Veggie, Commie, Queer, Techie. ",210,127,Sat Sep 27 23:51:56 +0000 2008,1349059088.0,,,,,,,,
252537847456866304,,0,"Me last week at Flushing Avenue, Brooklyn NY ! Xoxox","<a href=""http://blackberry.com/twitter"" rel=""nofollow"">Twitter for BlackBerry¬Æ</a>",RaffaelPaluzzi,Raffael Paluzzi x,Upper West Side,Pothead,181,182,Sun Mar 13 03:46:05 +0000 2011,1349059089.0,,,,,,,,
252537848857767936,,0,aintnojigga: Hov‚Äôs limited edition ‚Äú#4 Carter‚Äù Brooklyn Nets jersey. http://t.co/egStOOJF,"<a href=""http://www.tumblr.com/"" rel=""nofollow"">Tumblr</a>",Barr_6,Jay,The Gym‚Ñ¢,#FreeJosh #RIPPARIS #1Hunnit,694,693,Thu Nov 25 11:46:41 +0000 2010,1349059089.0,,,http://t.co/egStOOJF,,,,,
252537865903427584,,0,Going on a classic @sportsguy33 dog walk through Brooklyn Heights after that US loss in the #RyderCup.   #walkitoff #depressing,"<a href=""http://twitter.com/download/iphone"" rel=""nofollow"">Twitter for iPhone</a>",jfj4,John Johnson,,"bk resident, producer of bway productions, believer in the future of the american theatre",1043,1720,Mon Nov 19 21:37:25 +0000 2007,1349059093.0,RyderCup,walkitoff,,,sportsguy33,,,
252537871599288320,252522931056427008,3,RT @VibeMagazine: We haven't forgotten about you @MegYuup! You can pick up your new Brooklyn Nets SnapBack from our NYC office tomorrow.,"<a href=""http://twitter.com/download/iphone"" rel=""nofollow"">Twitter for iPhone</a>",MegYuup,The Megan,Airport ,I Make Sumpton Out Of Nothing,6957,1686,Mon Mar 30 16:28:55 +0000 2009,1349059095.0,,,,,VibeMagazine,MegYuup,,
252537876250759168,,0,#twinning #HOV #Brooklyn @your_go @woodiewood  http://t.co/b6YFSY4b,"<a href=""http://instagr.am"" rel=""nofollow"">Instagram</a>",frannietudisco,Francine Tudisco ,,character is how you treat those who can do nothing for you. ,476,284,Thu Jun 17 00:32:13 +0000 2010,1349059096.0,twinning,HOV,http://t.co/b6YFSY4b,,your_go,WoodieWood,,
252537881497833473,,0,#BROOKLYN in da House!  Or at least the bridge.. http://t.co/KoMeh7kV,"<a href=""http://instagr.am"" rel=""nofollow"">Instagram</a>",jonsaidstuff,Evil Angel Jon,"Captive in Long Island, NY","Sarcastic ASS spouting off STUFF about Sports, Politics, Justice, Religion, Comedy and YOU!",403,442,Thu Sep 15 12:52:08 +0000 2011,1349059097.0,BROOKLYN,,http://t.co/KoMeh7kV,,,,,
252537884811354112,,0,@AdamRosello @BCuttinoTSMMA title in Barkley's Center in Brooklyn. So I shouted him out and I forgot about Brandon. I know I suck. Lol,"<a href=""http://mobile.twitter.com"" rel=""nofollow"">Mobile Web</a>",taino1220,Evelyn Guzman,New York,"I'm outgoing and an all around goofy person. I come from a family of fighters, I hope to become a fighter and some day compete.
",139,93,Mon Oct 31 20:48:56 +0000 2011,1349059098.0,,,,,AdamRosello,BCuttinoTSMMA,,
252537893459992577,,0,She's so cute. #cousin #6days #brooklyn  http://t.co/jTsiEW8U,"<a href=""http://instagr.am"" rel=""nofollow"">Instagram</a>",mycahgerman,Mycah German,jolpinnnn.,15. Sophomore. ,172,89,Tue Oct 04 17:17:27 +0000 2011,1349059100.0,cousin,6days,http://t.co/jTsiEW8U,,,,,
252537905254395904,252537136430067714,0,RT @PAMgoinHAM: Gotta say Ima miss this girl right hea! @BrinaTheModel I wish ya the best of the best in #Brooklyn ! [Last n http://t.co ...,"<a href=""http://www.echofon.com/"" rel=""nofollow"">Echofon</a>",BrinaTheModel,Sabrina Lorena ,"Charleston, SC","Pursuing my dreams of being a model and nobody is going to take that away from me.
www.modelmayhem.com/697516",7079,99,Fri Apr 24 16:59:17 +0000 2009,1349059103.0,Brooklyn,,http://t.co,,PAMgoinHAM,BrinaTheModel,,
252537913580060672,,0,"@DerekLAnderson Brooklyn Mic Club BMC Yung Stash vs Detox R1&amp;2: http://t.co/24Dktx6R 
Yung Stash vs Detox R3: http://t.co/IneIa2ZM @youtube","<a href=""http://twitter.com/download/android"" rel=""nofollow"">Twitter for Android</a>",FreshSims,Mr. I Get Bitches,NYC,#SkyHigh I'm Good Being Me nd Doing what Da Fucks I Do ‚ÄùInstagram @FreshSims‚Äù #SkyHighMovement #TeamJohnDoe Getting Money Is a Must tweetjamz.com/FreshSims ,797,505,Sun Oct 09 01:11:27 +0000 2011,1349059105.0,,,http://t.co/24Dktx6R,http://t.co/IneIa2ZM,DerekLAnderson,YouTube,,
252537918546124800,,0,"My sexy pelo, mi nuevo nombre y el puente de Brooklyn :3 http://t.co/DuzOQESW","<a href=""http://twitter.com/download/android"" rel=""nofollow"">Twitter for Android</a>",HelenitaHC,Sky's the limit,Algun lugar entre Sydney y LA,En proceso de evoluci√≥n con un cuarto en proceso de evoluci√≥n. Todos somos la misma persona y todas las series son la misma. Tooodos loocos!,47,69,Thu Jun 23 03:25:16 +0000 2011,1349059106.0,,,,,,,,
252537931410051073,,0,"MOTORCRASH
Photo by KRYS FOX
Brooklyn, NY Sept 2012
model: JAY ROTH http://t.co/fFsQSzHb","<a href=""http://www.tumblr.com/"" rel=""nofollow"">Tumblr</a>",krysfox,Krys Fox,BROOKLYN NY, www.krysfox.tumblr.com NYC based photographer that hopscotches the line between Surrealism and Realism. ,482,330,Sun Mar 29 04:19:37 +0000 2009,1349059109.0,,,http://t.co/fFsQSzHb,,,,,
252537957364416512,,0,I'm Going To Brooklyn For Christmas WHOOOP WHOOOP! ^___^,web,ForeverYoungCMB,Carpe Diem ‚Ä† , Behind CJ Or DIE ‚àû ,"Gayle x Christopher M.Brown ~ Mama J Followed 8.4.12 ~ TEAMJESUS‚Ä† | Teambreezy | LAST‚ôîKINGS | ‚òõ FORTUNE‚ôñ, In Stores Right NOW! ‚òö ",251,195,Sun Feb 05 20:16:23 +0000 2012,1349059115.0,,,,,,,,
252537958840811521,,0,Brooklyn...what up!!! http://t.co/FP96qrie,"<a href=""http://instagr.am"" rel=""nofollow"">Instagram</a>",CaesarE_,‚Ç¨,"The village, Ikot Udo Esang",Great minds discuss ideas. Average minds discuss events. Small minds discuss people.,305,261,Wed Feb 04 13:52:56 +0000 2009,1349059115.0,,,http://t.co/FP96qrie,,,,,
252537989178195968,,0,"@DaRealAssassin Brooklyn Mic Club BMC Yung Stash vs Detox R1&amp;2: http://t.co/24Dktx6R 
Yung Stash vs Detox R3: http://t.co/IneIa2ZM @youtube","<a href=""http://twitter.com/download/android"" rel=""nofollow"">Twitter for Android</a>",FreshSims,Mr. I Get Bitches,NYC,#SkyHigh I'm Good Being Me nd Doing what Da Fucks I Do ‚ÄùInstagram @FreshSims‚Äù #SkyHighMovement #TeamJohnDoe Getting Money Is a Must tweetjamz.com/FreshSims ,797,505,Sun Oct 09 01:11:27 +0000 2011,1349059123.0,,,http://t.co/24Dktx6R,http://t.co/IneIa2ZM,DaRealAssassin,YouTube,,
252537993909379072,,0,Brooklyn or New Jersey They Still Gonna Be Garbage haha,"<a href=""http://mobile.twitter.com"" rel=""nofollow"">Mobile Web</a>",DEEPoCKT,JrSuazo,aSkyHighIcedOutParadise,"Plans Change But The Motive Stays The Same #DeepPockets 

@__hannahmariee Es Mi Hermosa
",73,104,Tue Apr 12 16:13:34 +0000 2011,1349059124.0,,,,,,,,
252538008287469568,,0,Damn I work Saturday and I was supposed to go to Brooklyn,"<a href=""http://twitter.com/devices"" rel=""nofollow"">txt</a>",joshua_f12, Scaredem Crew ,USA,|18| I tweet whatever the fuck I want if you don't like it unfollow... ‚ôé... all rights reserved ¬Æ,166,170,Tue May 19 21:06:20 +0000 2009,1349059127.0,,,,,,,,
252538008207777792,,0,@ShootTheJ_16 Our Brooklyn accents are bouta be as good or even better then yours!!! @SkylarWood95 üòä,"<a href=""http://twitter.com/download/iphone"" rel=""nofollow"">Twitter for iPhone</a>",Lauren_Ike15,Lauren Eikenbary,,varsity cheerleader loves laughing with friends!! #teamiphone,135,189,Wed Jul 25 01:19:15 +0000 2012,1349059127.0,,,,,ShootTheJ_16,SkylarWood95,,
252538017544278017,,0,Haha knock on Brooklyn's door and she opens the door holding a tray of Jell-O shots and vodka gummy bears. Me and ally love this girl!,"<a href=""http://twitter.com/download/iphone"" rel=""nofollow"">Twitter for iPhone</a>",BrittanaLover19,Ashley M.,,"I'm a huge Naya Rivera, Heather Morris, and glee fan!!! I LOVE BRITTANA!!!!! #taken ;)",400,885,Fri Feb 17 15:17:55 +0000 2012,1349059129.0,,,,,,,,
252538032895426560,,0,Going back to Brooklyn!!! Happy I'm getting out of here!,"<a href=""http://twitter.com/download/iphone"" rel=""nofollow"">Twitter for iPhone</a>",Tiff_uh_ney,Tiffany&Co.,Jersey-----NYC ‚úà,Tiffany|| CollegeBound..#PaceU|| 18|| Happily Taken 8.31.12 || Instagram: tiff_uh_nee|| I'm from Jersey but I'm a city girl at heart!!!,449,459,Thu Apr 28 18:59:05 +0000 2011,1349059133.0,,,,,,,,
252538060946956288,,0,"Why do the Spurs jerseys say ""Brooklyn"" now?","<a href=""http://twitter.com/download/iphone"" rel=""nofollow"">Twitter for iPhone</a>",aaronhsteinberg,Aaron Steinberg,NYC,"Like Jimmy Neutron with Bling on, I'm complex",83,282,Thu Dec 24 21:40:32 +0000 2009,1349059140.0,,,,,,,,
252538109416333312,252536957215858688,0,"@FUCKBROOK3 thanks brooklyn, ah I'll try not to be. Love you too x x x",web,crashcloser,allison reynolds ,Sheffield de Shite,"I just like You Me At Six, Florence + The Machine, Miles Kane, Young Guns, The Subways and other bands/artists a hell of a lot.",1057,392,Tue Jun 16 14:45:16 +0000 2009,1349059151.0,,,,,FUCKBROOK3,,,
252538109655392257,,0,Gunshot sound effects don't make you a killer if you stand next to them you might fall down with em,"<a href=""http://twitter.com/download/android"" rel=""nofollow"">Twitter for Android</a>",_LastLove,Judy,instagram:_BeyondHer,"staying focused living my life forget whoever against me, I'm all I got :* (@POLOYOUNG410",465,287,Sun Feb 05 17:10:54 +0000 2012,1349059151.0,,,,,,,,
252538114617249792,252498465236611073,5,RT @tarikBienPlacer: Y a des gens il font des photo il se croivent trop aux states il font trop les gens tah brooklyn alors que vous des ...,"<a href=""http://blackberry.com/twitter"" rel=""nofollow"">Twitter for BlackBerry¬Æ</a>",NouraOutolla,Noura Outolla,,"VampireDiaries.‚ô°
S.E ‚ô°",275,329,Thu Mar 01 19:51:16 +0000 2012,1349059153.0,,,,,tarikBienPlacer,,,
252538124247371776,,0,"Jigga ""@HumanityCritic: Our topic of discussion: The greatest MC from Brooklyn. Thoughts?""","<a href=""http://blackberry.com/twitter"" rel=""nofollow"">Twitter for BlackBerry¬Æ</a>",Jams4Lyfe,Rob,"Decatur, GA",,179,284,Wed Apr 06 03:10:45 +0000 2011,1349059155.0,,,,,HumanityCritic,,,
252538165204758529,,0,"I go to school in Brooklyn, but majority of the people that go are white....weird but I laveeee it.","<a href=""http://twitter.com/download/iphone"" rel=""nofollow"">Twitter for iPhone</a>",JannelleMesa,Jannelle! ,New York,Instagram: janmesa ,236,202,Fri Nov 04 00:18:43 +0000 2011,1349059165.0,,,,,,,,
252538182858575873,,0,"@RichRozay718 New Brooklyn Mic Club Yung Stash vs Detox R1&amp;2: http://t.co/24Dktx6R 
Yung Stash vs Detox R3: http://t.co/IneIa2ZM @youtube","<a href=""http://twitter.com/download/android"" rel=""nofollow"">Twitter for Android</a>",FreshSims,Mr. I Get Bitches,NYC,#SkyHigh I'm Good Being Me nd Doing what Da Fucks I Do ‚ÄùInstagram @FreshSims‚Äù #SkyHighMovement #TeamJohnDoe Getting Money Is a Must tweetjamz.com/FreshSims ,797,505,Sun Oct 09 01:11:27 +0000 2011,1349059169.0,,,http://t.co/24Dktx6R,http://t.co/IneIa2ZM,RichRozay718,YouTube,,
252538185073176576,252537713243340800,0,RT @VeganLunchTruck: Serving Williamsburg until 9:00 on Bedford and n4th in front of Whisk. Please let everyone in Brooklyn know its sna ...,"<a href=""http://www.tweetcaster.com"" rel=""nofollow"">TweetCaster for Android</a>",christinerobyn,Christine,"Harrisburg, PA","I love tea, raw foods, technology, and traveling.",467,363,Tue Jan 27 23:20:20 +0000 2009,1349059169.0,,,,,VeganLunchTruck,,,
252538205734313984,,0,No. Sleep. Till Brooklyn!,"<a href=""http://twitter.com/download/android"" rel=""nofollow"">Twitter for Android</a>",Yousifmayne,Yousif Hamdan,"Winter Haven, Florida",ghandi hakunah matata and shit,87,138,Tue Dec 27 00:14:51 +0000 2011,1349059174.0,,,,,,,,
252538230791098368,,0,#NowPlaying ZUN - ÊúàÊôÇË®à„ÄÄÔΩû „É´„Éä„Éª„ÉÄ„Ç§„Ç¢„É´ at Brooklyn Bowl http://t.co/a6sidkPT,"<a href=""http://www.apple.com"" rel=""nofollow"">iOS</a>",fukasawa_tw,„Åµ„Åã„Åï„Çè@nh,,"Â¶ª„Å®Â≠ê‰æõ2‰∫∫„Å®„É¢„É´„É¢„ÉÉ„Éà1Âåπ„ÇíÈ§ä„Åà„ÇãÁ®ãÂ∫¶„ÅÆËÉΩÂäõ„ÅÆÊåÅ‰∏ª„ÄÇÂ•Ω„ÇÄÔºöÊù±ÊñπProject(Áâπ„Å´„Ç¢„É¨„É≥„Ç∏Êõ≤„ÄÅÊ≠å„ÅÑÊâã„Åï„Çì)„ÄÅÂè§„ÇÅ„ÅÆÊ¥ãÊ•ΩÂÖ®Ëà¨„ÄÇ

‰∏ª„Å´NowPlaying„Çí„Å§„Å∂„ÇÑ„Åè‰∫∫ÁïúÁÑ°ÂÆ≥„Å™ËÄÖ„Åß„Åô„ÄÇ„Éï„Ç©„É≠„Éº„Çà„Çç„Åó„Åè„ÅäÈ°ò„ÅÑ„Åó„Åæ„Åô„ÄÇË∂£Âë≥„ÅåÂêà„ÅÑ„Åù„ÅÜ„Å™Êñπ„Åù„ÅÜ„Åß„Å™„ÅÑÊñπ„ÇÇÂá∫Êù•„ÇãÈôê„Çä„Éï„Ç©„É≠„ÉºËøî„Åï„Åõ„Å¶È†Ç„Åç„Åæ„Åô„ÄÇ",471,671,Sun Jul 22 02:19:16 +0000 2012,1349059180.0,NowPlaying,,http://t.co/a6sidkPT,,,,,
252538231621570562,,0,Report: A man stabbed another man in Brooklyn this morning over an in iPhone  http://t.co/yMHoQAYc via @newyorkpost,"<a href=""http://twitter.com/tweetbutton"" rel=""nofollow"">Tweet Button</a>",MisterWallaceGA,Desmond M. Wallace,The press box,"ESPN Coordinating Producer; former Sports Illustrated Deputy Chief of Reporters; lacrosse, NBA & college football junkie; University of North Carolina alum",616,253,Tue May 03 00:09:31 +0000 2011,1349059181.0,,,http://t.co/yMHoQAYc,,NewYorkPost,,,
252538242816163840,252537713243340800,1,RT @VeganLunchTruck: Serving Williamsburg until 9:00 on Bedford and n4th in front of Whisk. Please let everyone in Brooklyn know its sna ...,"<a href=""http://twitter.com/download/iphone"" rel=""nofollow"">Twitter for iPhone</a>",alisonleah,alisonleah,"brooklyn, ny",I like my hair best when it's messy.  I also like strawberry shortcake and animals. ,325,406,Sun Jul 27 19:43:28 +0000 2008,1349059183.0,,,,,VeganLunchTruck,,,
252538293755969536,252520519855898625,0,@whimsyandspice it always looks so romantic - walking the Brooklyn Bridge.,"<a href=""http://www.hootsuite.com"" rel=""nofollow"">HootSuite</a>",BrushDance,Brush Dance,,"Mindful Living ~ Mindful Days
We make high quality Calendar products and more. 
Embrace Joy, Inspire Hope . . . Celebrate Life.",1781,1841,Sun Oct 26 17:33:24 +0000 2008,1349059195.0,,,,,whimsyandspice,,,
252538316501688321,252537713243340800,2,RT @VeganLunchTruck: Serving Williamsburg until 9:00 on Bedford and n4th in front of Whisk. Please let everyone in Brooklyn know its sna ...,web,Cheap_eats,Cheapeats Inc.,New York,"Happiness, $25 and under!",1133,834,Fri Jan 23 20:18:24 +0000 2009,1349059201.0,,,,,VeganLunchTruck,,,
252538319425130496,,0,"""Octo"" At the NY aquarium during a film shoot ‚Äï #Animal, #octopus, #Brooklyn, #awesome at New York, NY, USA  http://t.co/haxwtoba","<a href=""http://viddy.co"" rel=""nofollow"">Viddy</a>",holbrookba,Ben Holbrook,"Brooklyn, NY","Filmmaker/Writer/Actor living in Brooklyn, NY. 
follow my film, @underpdnarrator, and watch the trailer! https://vimeo.com/48129592",648,1307,Fri Dec 03 23:38:36 +0000 2010,1349059201.0,Animal,octopus,http://t.co/haxwtoba,,,,,
252538320222040064,,0,"@RiseOfRoyalty New Brooklyn Mic Club  Yung Stash vs Detox R1&amp;2: http://t.co/24Dktx6R 
Yung Stash vs Detox R3: http://t.co/IneIa2ZM @youtube","<a href=""http://twitter.com/download/android"" rel=""nofollow"">Twitter for Android</a>",FreshSims,Mr. I Get Bitches,NYC,#SkyHigh I'm Good Being Me nd Doing what Da Fucks I Do ‚ÄùInstagram @FreshSims‚Äù #SkyHighMovement #TeamJohnDoe Getting Money Is a Must tweetjamz.com/FreshSims ,797,505,Sun Oct 09 01:11:27 +0000 2011,1349059202.0,,,http://t.co/24Dktx6R,http://t.co/IneIa2ZM,RiseOfRoyalty,YouTube,,
252538321794895873,,0,"Brooklyn Fashion Week Ends with the Homie @Cherry718  and "":Cherry On Top"" Swimwear!!",web,SupaNovaNRO, SupaNova ,"BK,NY",SupaNova - The New Rap Order - N.Y.M.C.  If Not Us Then Who?,218,154,Mon Mar 09 21:06:50 +0000 2009,1349059202.0,,,,,Cherry718,,,
252538339977228288,,0,"RT @brainpicker: Only funny if you don't live in Brooklyn¬†‚Äì otherwise, mundane: Hipster Starter Kit http://t.co/65QzFNFl (‚Ü¨@Coudal)","<a href=""http://www.hootsuite.com"" rel=""nofollow"">HootSuite</a>",ZaarlyNYC,Zaarly NYC ,"New York, NY",Buy and sell anything with people nearby. Zaarly gives you the power to do just that. Available on iPhone and Android. ,4882,925,Thu Feb 24 20:14:07 +0000 2011,1349059206.0,,,http://t.co/65QzFNFl,,brainpicker,Coudal,,
252538353696776192,,0,Lord all Brooklyn do is cry! Smh,"<a href=""http://twitter.com/download/android"" rel=""nofollow"">Twitter for Android</a>",wOahh_babyy,Katrina Renee',Searching for Nemo...,Fuck that shit bro,338,363,Tue Oct 19 20:32:27 +0000 2010,1349059210.0,,,,,,,,
252538356418883584,,0,At the tastes with @thatrnchick and Brooklyn family day (@ City of St. Louis) [pic]: http://t.co/fL2lZlHu,"<a href=""http://foursquare.com"" rel=""nofollow"">foursquare</a>",DJDEEVINESOUNDZ,DJ DEEVINE SOUNDZ ,"√úT: 38.595052,-90.270224","&quot;MUSIC THAT WILL GIVE YOU A LIFETIME OF INSPIRATION, MEMORIES, AND PLEASURE&quot;",618,840,Fri Apr 03 18:39:57 +0000 2009,1349059210.0,,,http://t.co/fL2lZlHu,,thatRNchick,,,
252538391114178560,,0,The sky on the way home from Brooklyn is so gorgeous!,"<a href=""http://twitter.com/download/iphone"" rel=""nofollow"">Twitter for iPhone</a>",kellymariebella,Kelly Reed,new jersey,"Don't let life pass you by, Live for the 'now'.",231,213,Thu Jul 15 03:10:11 +0000 2010,1349059219.0,,,,,,,,
252538402338131968,,0,Im philly for life but I so gotta snag one of these new brooklyn jerseys #dope,"<a href=""http://twitter.com/download/iphone"" rel=""nofollow"">Twitter for iPhone</a>",11matty_icee,Matt Persch,,Make sure you stay in touch with beauty instead of letting the ugliness of the world corrupt your soul.,230,533,Tue Jun 09 17:59:50 +0000 2009,1349059221.0,dope,,,,,,,
252538416691032064,,0,Walking across the Brooklyn Bridge... In the pouring rain!! #dontcare #stillawesome,"<a href=""http://twitter.com/download/android"" rel=""nofollow"">Twitter for Android</a>",CourtneySpalt,Courtney Spalt,,,46,49,Mon Jul 16 21:57:03 +0000 2012,1349059225.0,dontcare,stillawesome,,,,,,
252538419937431552,,0,Prodigy took it a lil 2 far u can't fuck wit brooklyn,"<a href=""http://www.echofon.com/"" rel=""nofollow"">Echofon</a>",Shoe_Junkie_Cee,Jay Cee,Somewhere bein followed,"JC 

HE WITHOUT SIN SHALL CAST THE FIRST STONE SO Y'ALL LOOK IN THE MIRROR DOUBLE CHECK Y'ALL APPEARANCE
",153,146,Tue Jan 24 04:44:22 +0000 2012,1349059225.0,,,,,,,,
252538421908738048,,0,"RT RT RT #Truuu""@_LastLove: Gunshot sound effects don't make you a killer if you stand next to them you might fall down with em""","<a href=""http://twitter.com/download/android"" rel=""nofollow"">Twitter for Android</a>",_TakeOver24,M.O.A.M,,Junior|Baller|#TeamGetBuckets,440,399,Sat Jun 25 03:20:48 +0000 2011,1349059226.0,Truuu,,,,_LastLove,,,
252538451491160064,252538109655392257,0,RT @_LastLove: Gunshot sound effects don't make you a killer if you stand next to them you might fall down with em,"<a href=""http://twitter.com/download/android"" rel=""nofollow"">Twitter for Android</a>",_TakeOver24,M.O.A.M,,Junior|Baller|#TeamGetBuckets,440,399,Sat Jun 25 03:20:48 +0000 2011,1349059233.0,,,,,_LastLove,,,
252538460362121216,,0,I'm from Brooklyn... #MoneyHungry is an #UnderStatement,"<a href=""http://twitter.com/download/iphone"" rel=""nofollow"">Twitter for iPhone</a>",BraVo_Ortiz,John Ortiz,BRooKLyn/STaTen islaNd/ NYC!!!,read what i tweet and re define how you live your life. married to the money fuck the world thats adultery,165,114,Tue Dec 21 06:05:15 +0000 2010,1349059235.0,MoneyHungry,UnderStatement,,,,,,
252538467718934528,,0,Rihanna Wears Pajamas to Event at Jay-Z's 40/40 Brooklyn Launch http://t.co/pU5jvZWC,"<a href=""http://www.socialoomph.com"" rel=""nofollow"">SocialOomph</a>",rihannasread,Rihanna Gossip,NYC,Get all the latest Rihanna news and gossip as it happens! ,2297,2522,Tue Oct 19 06:29:45 +0000 2010,1349059237.0,,,http://t.co/pU5jvZWC,,,,,
252538469388267520,,0,Jay-Z Comes Home to Repay a Debt to Brooklyn http://t.co/cq1CGM88,"<a href=""http://twitter.com/tweetbutton"" rel=""nofollow"">Tweet Button</a>",atomicdogg,Mark Williams,"Northampton, MA",art! illustration! nature! beauty! baseball! ,39,381,Fri Apr 17 17:23:15 +0000 2009,1349059237.0,,,http://t.co/cq1CGM88,,,,,
252538469606359040,252218596590243842,0,RT @JustCaustic: Checkin out this Brooklyn Mic Club event w @PoisonPenBK @streetstarnorbe and @soulkhan,"<a href=""http://twitter.com/download/android"" rel=""nofollow"">Twitter for Android</a>",JONNIEDANGER,IDanger da hustler,MONEY I$LAND,Coney island's own Bad Guy. Artist /ghost wtiter/genius.also i am The most unrated battle rapper but its only for so long they can try and black ball me ...,282,322,Sat May 02 17:03:13 +0000 2009,1349059237.0,,,,,JustCaustic,PoisonPenBK,,
252538476434702336,252536115221889024,13,"RT @Miss_Sadee: Brooklyn, Queens, The Bronx, Long Island &amp; Manhattan &gt;&gt;&gt;&gt;&gt;&gt;&gt;",web,AyeGet_ItGirl,Nuh-Key-Ahh :),,Brklyn‚ù§ | Senior 13' |Varsity Cheerleader| Bestfrans: @_Sincerelynaee & @Baby_Danyelle ‚ù§| @AijahTiarraaa_ is my gf ‚ù§ and @BrodySoGQ is ALL mine‚ù§ #Bombsquad,1014,694,Sun Mar 27 20:47:27 +0000 2011,1349059239.0,,,,,Miss_Sadee,,,
252538505836781568,,0,Loving Brooklyn! #noesreal,"<a href=""http://twitter.com/download/iphone"" rel=""nofollow"">Twitter for iPhone</a>",gabyolmedo,Gabriela Olmedo M,Mexico/NYC,http://www.gabrielaolmedo.com,120,332,Fri Mar 27 18:59:43 +0000 2009,1349059246.0,noesreal,,,,,,,
252538508026187776,,0,"everybody asking does brooklyn have dreads ‚ô• , lol noo !",web,prettydoobie,doobie‚úû ‚ù§.,IG : im_doobie,"hi im doobie , one of your followers retweeted me, you saw my avi , now you reading my bio , your officially my bitch :) #WH'M$ | C/O 2013 ",863,354,Sun Feb 27 02:05:43 +0000 2011,1349059246.0,,,,,,,,
252538519115948032,,0,#NewYork   @ Brooklyn Bridge Park - Playground http://t.co/pioI6Ofl,"<a href=""http://instagr.am"" rel=""nofollow"">Instagram</a>",annapalooza1,Anna Pirsch,Minneapolis,,189,221,Sun Apr 26 23:31:42 +0000 2009,1349059249.0,NewYork,,http://t.co/pioI6Ofl,,,,40.70411492,-73.99032881
252538533502386176,252536115221889024,14,"RT @Miss_Sadee: Brooklyn, Queens, The Bronx, Long Island &amp; Manhattan &gt;&gt;&gt;&gt;&gt;&gt;&gt;",web,Dami_IsABoss,RapMaster Dams,In your pants. ;),"SENIORRR at MILL CREEK!
I do whatever I want, no questions asked. I don't play by the rules. God. Track. Music. Photography. Mention for a followback. :)",155,252,Fri Aug 10 19:30:32 +0000 2012,1349059252.0,,,,,Miss_Sadee,,,
252538542704713728,,0,Me last week at Brooklyn http://t.co/BVsb1C0K,"<a href=""http://blackberry.com/twitter"" rel=""nofollow"">Twitter for BlackBerry¬Æ</a>",RaffaelPaluzzi,Raffael Paluzzi x,Upper West Side,Pothead,181,182,Sun Mar 13 03:46:05 +0000 2011,1349059255.0,,,,,,,,
252538554796892160,,0,"@EatMyCookieHoe New Brooklyn Mic Club Yung Stash vs Detox R1&amp;2: http://t.co/24Dktx6R 
Yung Stash vs Detox R3: http://t.co/IneIa2ZM @youtube","<a href=""http://twitter.com/download/android"" rel=""nofollow"">Twitter for Android</a>",FreshSims,Mr. I Get Bitches,NYC,#SkyHigh I'm Good Being Me nd Doing what Da Fucks I Do ‚ÄùInstagram @FreshSims‚Äù #SkyHighMovement #TeamJohnDoe Getting Money Is a Must tweetjamz.com/FreshSims ,797,505,Sun Oct 09 01:11:27 +0000 2011,1349059258.0,,,http://t.co/24Dktx6R,http://t.co/IneIa2ZM,EatMyCookieHoe,YouTube,,
252538568298348544,,0,He's a Brooklyn boy might take some getting used to.,"<a href=""http://twitter.com/download/android"" rel=""nofollow"">Twitter for Android</a>",sincerelysinead,Nay Murray ,"413, 860, 516, 323","In this world we learn, we grow but we must understand that we are individuals living in one space & sharing the same dream; to live comfortably & provide. ",268,434,Mon Mar 30 19:42:38 +0000 2009,1349059261.0,,,,,,,,
252538579660713984,252536962580365313,0,"RT @JenaFriedman: hey team, I'm performing at Union Hall in Brooklyn tonight at 8, come by, it's gonna be a good show","<a href=""http://twitter.com/download/android"" rel=""nofollow"">Twitter for Android</a>",jrodmoore,Jarrod Moore,"Ashland, KY","football, soccer and mma fan. and tv. and female comics. sometimes my random thoughts end up here. all asinine tweets are completely my own. ",138,160,Mon Oct 27 19:41:06 +0000 2008,1349059263.0,,,,,JenaFriedman,,,
252538582751911936,,0,That's a Brooklyn sky. On my way to ibeam. http://t.co/pUbOuVJT,"<a href=""http://www.apple.com"" rel=""nofollow"">Photos on iOS</a>",LandonKnoblock,Landon Knoblock,"new york, ny",http://www.LandonKnoblock.com,137,341,Mon Feb 06 15:26:36 +0000 2012,1349059265.0,,,,,,,,
252538596857368576,,0,On The Ferry Omw To Brooklyn,"<a href=""http://twitter.com/download/android"" rel=""nofollow"">Twitter for Android</a>",_WC_HeadHancho_,‚òÜBound For Glory‚òÜ,Harlem,#TeamTatted #FamilyAboveAll #TeamFollowBack #MMG #BBC Instagram: @_A-Boogz_ Hmu On Kik @_WC_HeadHancho_ ,152,157,Mon Dec 05 17:57:21 +0000 2011,1349059268.0,,,,,,,,
252538602997813248,252530841014648833,1,RT @AladdinxJazmine: @x_brooklyn BROOKLYN! Guess who's in town?,"<a href=""http://twitter.com/download/iphone"" rel=""nofollow"">Twitter for iPhone</a>",x_brooklyn,...october 28th ‚ù§,Instagram: x_brooklyn,"Don't ever let the taste of power, consume or corupt the spirit within.. follow my boyfriend @Team_6Hunna ; RSHS Volleyball ‚ù§",1374,983,Wed Jun 08 15:18:52 +0000 2011,1349059269.0,,,,,AladdinxJazmine,x_brooklyn,,
252538610413350914,,0,Now tearful  over a cat in a shelter in Brooklyn that's due to be PTS tomorrow.. How sad - I know they can't all be saved,"<a href=""http://twitter.com/download/iphone"" rel=""nofollow"">Twitter for iPhone</a>",Dipster3103,Dips ,Planet Dips ,"Mum of one, mad cat woman & lover of shoes & sparkles. Frankly, a bit of a lush. Occasional lucid moments! ish...",1321,1629,Thu Dec 17 22:55:10 +0000 2009,1349059271.0,,,,,,,,
252538626863398913,,0,I liked a @YouTube video from @g4boyz http://t.co/v79C8jED G4 BOYZ in Brooklyn with the Bloods addressing rumors,"<a href=""http://www.google.com/"" rel=""nofollow"">Google</a>",DIRTYDUNNZ,DIRTY DUNNZ,Chicago,"Production credits: Ludacris, Twista, Crooked I, Hell Rell, Peedi Crakk, Frenchie, I-20, Freeway, J-Hood, etc. Lazy K Productions 
http://www.swagscent.com ",489,428,Wed Sep 24 18:19:56 +0000 2008,1349059275.0,,,http://t.co/v79C8jED,,YouTube,G4BOYZ,,
252538632081137664,252534849917825024,0,@Boogler1 Brooklyn was the same mate but we was on the receiving end!,"<a href=""http://twitter.com/download/iphone"" rel=""nofollow"">Twitter for iPhone</a>",Declancarroll89,Declan carroll,,,57,130,Mon Sep 05 15:31:32 +0000 2011,1349059276.0,,,,,Boogler1,,,
252538635906342912,252538504343592960,0,"@PenguinNippless Brooklyn , you?","<a href=""http://twitter.com/download/iphone"" rel=""nofollow"">Twitter for iPhone</a>",TheRealEffnDeal,LateNight Avenger,Somewhere in the Galaxy...,keep cool & follow me  #Giants| #JWU'16 | that's all folks ‚úå,288,258,Thu Sep 29 10:38:30 +0000 2011,1349059277.0,,,,,PenguinNippless,,,
252538645863616512,,0,By the Brooklyn Bridge. @melisss33  http://t.co/CMRMabaS,"<a href=""http://instagr.am"" rel=""nofollow"">Instagram</a>",door_war,Prisca Choe,,"A haiku written in my honor: 
I have a good friend/
And her name is Prisca Choe./ 
She runs into doors.
 - Jason ",41,54,Sun Feb 26 03:31:27 +0000 2012,1349059279.0,,,http://t.co/CMRMabaS,,melisss33,,,
252538660426223617,,0,First Look At The Brooklyn Nets Barclay Center: http://t.co/X1NjuyHN via @youtube,"<a href=""http://twitter.com/tweetbutton"" rel=""nofollow"">Tweet Button</a>",IamChrisJTaylor,Chris J. Taylor ,Muncie | Kankakee,#BallState Sophomore | #PublicRelations Major | Multimedia #BrandJournalist | PR Chair @ballstateNABJ | Social Media Editor @BSUtheVoice | #PoliticalJunkie ,474,536,Sat Jan 24 22:38:10 +0000 2009,1349059283.0,,,http://t.co/X1NjuyHN,,YouTube,,,
252538687554994176,252536892262854656,0,RT @BKCampaign: Romney‚Äôs Remarks on Palestine Stir Contrasting Reactions in Brooklyn. By @niqueiubel. http://t.co/OvFeKUz7 #SD17 #Israel ...,web,niqueiubel,Nikolas Iubel,"Stanford, CA",Stanford senior majoring in MCS. Proud to be Brazilian and eager to work for my country's development. I love my family more than anything in the world :),59,51,Fri Apr 02 02:18:09 +0000 2010,1349059289.0,SD17,Israel,http://t.co/OvFeKUz7,,BKCampaign,niqueiubel,,
252538692055486466,,0,"I'm at Buschenschank (Brooklyn, NY) w/ 3 others http://t.co/IcrdMH1p","<a href=""http://foursquare.com"" rel=""nofollow"">foursquare</a>",nimadden,Nick Madden,"New York, NY",Digital & Interactive Marketer. I play guitar and sing in the shower...at the same time.,103,205,Sun Apr 18 04:57:05 +0000 2010,1349059290.0,,,http://t.co/IcrdMH1p,,,,40.68321198,-73.99538474
252538692990808065,,0,#Brooklyn #LG4 on lock in #Bayridge,"<a href=""http://twitter.com/download/iphone"" rel=""nofollow"">Twitter for iPhone</a>",Cartel_Liaison,Casey Cartel Liaison,"Brooklyn, NY",TV personality on Oxygen's Love Games 4 / Strength and Conditioning Specialist at Starrett City Boxing Club / Boxer for Team Judah / Personal Trainer,607,172,Fri Jul 27 07:14:48 +0000 2012,1349059291.0,Brooklyn,LG4,,,,,,
252538697969442817,,0,Waiting to get in to see #jayz  #concert #barclays #center #atlanticave #brooklyn   @ Barclays Center http://t.co/8ICpsZej,"<a href=""http://instagr.am"" rel=""nofollow"">Instagram</a>",AZNGUYSTAN,Stanley Lo,"Brooklyn, NY","Travel Specialist at Tablet., Traveler, Blogger, Athlete, Gamer, and more...",76,57,Wed Mar 25 17:08:09 +0000 2009,1349059292.0,jayz,concert,http://t.co/8ICpsZej,,,,40.68312,-73.975979
252538739191062529,,0,"@voBANGA new Brooklyn Mic Club BMC Yung Stash vs Detox R1&amp;2: http://t.co/24Dktx6R 
Yung Stash vs Detox R3: http://t.co/IneIa2ZM via @youtube","<a href=""http://twitter.com/download/android"" rel=""nofollow"">Twitter for Android</a>",FreshSims,Mr. I Get Bitches,NYC,#SkyHigh I'm Good Being Me nd Doing what Da Fucks I Do ‚ÄùInstagram @FreshSims‚Äù #SkyHighMovement #TeamJohnDoe Getting Money Is a Must tweetjamz.com/FreshSims ,797,505,Sun Oct 09 01:11:27 +0000 2011,1349059302.0,,,http://t.co/24Dktx6R,http://t.co/IneIa2ZM,voBANGA,YouTube,,
252538754970038273,252526936126005249,1,RT @kim_x0X: GET SHMACKEDDDD #brooklyn &gt;&gt;&gt;&gt;&gt;&gt; @nikki_vellaa http://t.co/FkKvSe0Y,"<a href=""http://twitter.com/download/iphone"" rel=""nofollow"">Twitter for iPhone</a>",nikki_vellaa,Nikki Vella,,,69,135,Fri Apr 13 02:13:21 +0000 2012,1349059305.0,brooklyn,,,,kim_x0X,nikki_vellaa,,
252538777241800705,,0,Brooklyn Bridge by Matthias Haker http://t.co/02ekxz2g,"<a href=""http://www.tumblr.com/"" rel=""nofollow"">Tumblr</a>",rcruzniemiec,Roberto Cruz Niemiec,,,65,105,Tue Jan 06 02:46:13 +0000 2009,1349059311.0,,,http://t.co/02ekxz2g,,,,,
252538786939031552,,0,"Belly dancer, Atlantic Antic in Brooklyn #photo http://t.co/MvICF83o","<a href=""http://www.apple.com"" rel=""nofollow"">Photos on iOS</a>",samparadise,Sam Johnson,New York City & Tulsa,"Finance 2.0, Technology, Startups & Venture Investing, Photography, Triathlons, Travel & Writing",255,293,Tue Sep 02 14:14:46 +0000 2008,1349059313.0,photo,,,,,,,
252538816093622273,,0,"""We should take a walk some day, dream about what we coulda been. I dont wanna leave this place, no faith in Brooklyn.""",web,EyeAmUnknown,Hi! My name is...,Location? You tell me,"Who am iÓå∂Yb knowsÓêÇ:: #90sbaby:: #TeamVirgo:: #BangFox all in yo grill hoe!:: Have you met my twin Óà± @prettygirlLANI Óà∞:: & That FOLLOWÓÄè button, i'd tap thatÓêÑ",96,102,Fri Feb 10 22:33:37 +0000 2012,1349059320.0,,,,,,,,
252538836511490048,252536115221889024,15,"RT @Miss_Sadee: Brooklyn, Queens, The Bronx, Long Island &amp; Manhattan &gt;&gt;&gt;&gt;&gt;&gt;&gt;","<a href=""http://twitter.com/download/android"" rel=""nofollow"">Twitter for Android</a>",Princess_Tracii, Princess_Tracii ,,"Queennnnns NY [: ,17 .bad bitch, i only make time for people ,who make time for mi. Taken by Mi baby Christopher| I.XIX.XII | #fwm ",315,433,Tue Jun 21 02:32:11 +0000 2011,1349059325.0,,,,,Miss_Sadee,,,
252538859898929152,,0,And another Brooklyn sky http://t.co/kIB4xvL4,"<a href=""http://www.apple.com"" rel=""nofollow"">Camera on iOS</a>",LandonKnoblock,Landon Knoblock,"new york, ny",http://www.LandonKnoblock.com,137,341,Mon Feb 06 15:26:36 +0000 2012,1349059331.0,,,,,,,,
252538865645125632,,0,Tonight I am going with a song by the Brooklyn indie rock band @grizzlybear that is sure to help you ease back into the week.,web,ASADKTBA,A_Song_A_Day,"Queens, New York",My name is Christopher Palamara.  I believe it only takes A Song A Day to Keep The Blues Away so I will tweet a blues eradicating song daily. Enjoy.,190,397,Sat Feb 12 23:50:43 +0000 2011,1349059332.0,,,,,grizzlybear,,,
252538884087484416,,0,"@HankMcCoybeats New Brooklyn Mic Club Yung Stash vs Detox R1&amp;2: http://t.co/24Dktx6R 
Yung Stash vs Detox R3: http://t.co/IneIa2ZM @youtube","<a href=""http://twitter.com/download/android"" rel=""nofollow"">Twitter for Android</a>",FreshSims,Mr. I Get Bitches,NYC,#SkyHigh I'm Good Being Me nd Doing what Da Fucks I Do ‚ÄùInstagram @FreshSims‚Äù #SkyHighMovement #TeamJohnDoe Getting Money Is a Must tweetjamz.com/FreshSims ,797,505,Sun Oct 09 01:11:27 +0000 2011,1349059336.0,,,http://t.co/24Dktx6R,http://t.co/IneIa2ZM,HankMcCoybeats,YouTube,,
252538913405665280,,0,WELCOME TO THE WORLD WITTLE BABY BROOKLYN.,"<a href=""http://twitter.com/download/android"" rel=""nofollow"">Twitter for Android</a>",natalie_tatum,natalie,follows you,1 John 4:8 ‚ô•,259,139,Sun Mar 04 20:32:34 +0000 2012,1349059343.0,,,,,,,,
